StateAbbr,PlaceName,PlaceFIPS,Population2010,Lat,Long,long_num,lat_num,Temp1990,Temp2020,Temp2050,Temp_Change_2020,Temp_Change_2050,Num_Above_1990,Num_Above_2020,Num_Above_2050,Num_Above_2080,Num_Above_Change_2020,Num_Above_Change_2050,Num_Above_Change_2080
NY,New York,3651000,8175133,40.694960689,-73.93138504,834,278,102.40948730468753,106.2243139648438,108.8837084960938,3.814826660156271,6.474221191406272,3.254545454545455,7.345454545454547,17.6,17.6,4.090909090909092,14.345454545454547,14.345454545454547
CA,Los Angeles,644000,3792621,34.118227789799995,-118.4085001,122,173,107.40661315917973,108.8257720947266,111.77098693847661,1.419158935546875,4.3643737792968835,9.272727272727272,18.045454545454547,33.70909090909091,33.70909090909091,8.772727272727275,24.436363636363637,24.436363636363637
IL,Chicago,1714000,2695598,41.837295061499994,-87.68623087,614,296,100.62825195312504,105.04039428710942,108.25230773925784,4.412142333984377,7.6240557861328,2.4363636363636365,9.690909090909091,25.845454545454544,25.845454545454544,7.254545454545455,23.409090909090907,23.409090909090907
TX,Houston,4835000,2099451,29.780669139599997,-95.3860034,491,103,104.68566772460943,107.2069146728516,111.23526062011722,2.5212469482421653,6.549592895507786,19.39090909090909,42.74545454545454,75.95454545454547,75.95454545454547,23.354545454545452,56.56363636363638,56.56363636363638
PA,Philadelphia,4260000,1526006,40.009314780800004,-75.13338886,815,267,102.0763598632813,105.23341857910161,108.13633605957037,3.1570587158203125,6.059976196289071,4.299999999999999,12.618181818181816,28.600000000000005,28.600000000000005,8.318181818181817,24.300000000000004,24.300000000000004
AZ,Phoenix,455000,1445632,33.572413869500004,-112.0889952,224,164,115.7519213867188,118.3712652587891,120.9470318603516,2.6193438720702886,5.195110473632795,127.53636363636363,145.38181818181815,163.00909090909096,163.00909090909096,17.845454545454515,35.472727272727326,35.472727272727326
TX,San Antonio,4865000,1327407,29.472147533299992,-98.52467635,441,99,107.45150878906254,111.39792968750005,114.18111816406254,3.946420898437509,6.7296093749999955,53.427272727272715,81.9,111.8909090909091,111.8909090909091,28.47272727272729,58.46363636363639,58.46363636363639
CA,San Diego,666000,1307402,32.835563941800004,-117.1197921,143,152,100.76682250976566,103.86434082031255,106.77258666992194,3.0975183105468886,6.005764160156275,1.190909090909091,2.8999999999999995,6.790909090909091,6.790909090909091,1.7090909090909085,5.6,5.6
TX,Dallas,4819000,1197816,32.7939804066,-96.76569295,469,152,108.55272338867194,111.03164550781253,114.52654479980474,2.4789221191405915,5.973821411132803,47.4,70.87272727272729,98.69090909090909,98.69090909090909,23.47272727272729,51.29090909090909,51.29090909090909
CA,San Jose,668000,945942,37.3003963176,-121.8472284,67,224,106.91396423339847,108.61273620605473,110.66709167480474,1.6987719726562602,3.7531274414062636,5.618181818181817,9.118181818181817,13.945454545454544,13.945454545454544,3.5,8.327272727272726,8.327272727272726
FL,Jacksonville,1235000,821784,30.331982013900003,-81.67522662,710,112,100.07807861328129,102.87956481933597,105.38176147460942,2.801486206054676,5.303682861328127,7.063636363636364,20.29090909090909,48.963636363636354,48.963636363636354,13.227272727272725,41.89999999999999,41.89999999999999
IN,Indianapolis,1836003,820445,39.777122107500006,-86.14578215,639,263,98.53364257812504,102.96301147460943,107.26468078613284,4.429368896484391,8.731038208007803,1.4090909090909094,9.727272727272728,28.745454545454542,28.745454545454542,8.318181818181818,27.336363636363632,27.336363636363632
CA,San Francisco,667000,805235,37.7559136611,-122.4409879,58,231,98.43575988769535,97.68573425292973,100.96281311035162,-0.7500256347656205,2.5270532226562636,0.29090909090909084,0.4545454545454545,0.9636363636363635,0.9636363636363635,0.16363636363636364,0.6727272727272726,0.6727272727272726
TX,Austin,4805000,790390,30.306861034200004,-97.75547712,453,112,109.36018554687504,111.05181091308597,114.98238952636726,1.6916253662109284,5.6222039794922125,49.727272727272734,76.57272727272729,102.22727272727272,102.22727272727272,26.845454545454558,52.499999999999986,52.499999999999986
OH,Columbus,3918000,787033,39.98595004840001,-82.98517385,689,267,99.08875427246099,103.83996765136722,108.39214172363283,4.751213378906229,9.303387451171844,1.3090909090909089,10.427272727272726,28.46363636363636,28.46363636363636,9.118181818181817,27.154545454545453,27.154545454545453
TX,Fort Worth,4827000,741206,32.78019280400001,-97.34703232,459,151,109.52661193847659,112.64714111328131,116.77584167480472,3.120529174804716,7.249229736328132,55.06363636363636,78.4909090909091,104.6090909090909,104.6090909090909,23.427272727272737,49.54545454545453,49.54545454545453
NC,Charlotte,3712000,731424,35.207872196900006,-80.83007546,724,190,102.1752478027344,107.19445068359377,110.16984497070318,5.019202880859368,7.994597167968777,6.881818181818183,21.427272727272726,46.59090909090909,46.59090909090909,14.545454545454543,39.70909090909091,39.70909090909091
MI,Detroit,2622000,713777,42.38470156309999,-83.10531788,687,305,99.36731811523441,103.13104187011723,105.95960937500004,3.763723754882818,6.592291259765631,1.1090909090909093,6.054545454545453,15.59090909090909,15.59090909090909,4.9454545454545435,14.48181818181818,14.48181818181818
TX,El Paso,4824000,649121,31.848112350599997,-106.4320219,314,137,109.68334289550785,112.81417175292972,115.02898254394536,3.130828857421875,5.345639648437512,52.74545454545455,80.62727272727273,106.15454545454547,106.15454545454547,27.881818181818176,53.40909090909092,53.40909090909092
TN,Memphis,4748000,646889,35.10462950419999,-89.97890609,577,189,104.60975219726565,108.41674560546878,111.51815307617191,3.8069934082031267,6.908400878906264,12.918181818181818,38.39090909090909,68.57272727272728,68.57272727272728,25.472727272727273,55.654545454545456,55.654545454545456
MD,Baltimore,2404000,620961,39.308452399100005,-76.61604923,791,256,102.42342895507818,105.99611694335943,108.8711236572266,3.5726879882812455,6.447694702148425,5.627272727272727,16.454545454545453,34.627272727272725,34.627272727272725,10.827272727272726,29,29
MA,Boston,2507000,617594,42.31557967769999,-71.09165058,880,304,100.75216125488285,102.08361633300785,105.03479125976567,1.3314550781250034,4.282630004882819,1.9,3.2909090909090915,8.463636363636365,8.463636363636365,1.3909090909090915,6.563636363636364,6.563636363636364
WA,Seattle,5363000,608660,47.622154338000016,-122.3235325,60,389,99.12313049316411,101.88498352050784,102.17006774902349,2.761853027343733,3.046937255859376,0.309090909090909,0.7363636363636364,1.927272727272727,1.927272727272727,0.4272727272727274,1.618181818181818,1.618181818181818
DC,Washington,1150000,601723,38.9099241426,-77.01472057,785,250,101.9496929931641,106.01557373046879,108.85421569824223,4.065880737304681,6.904522705078122,6.1,16.709090909090907,37.85454545454546,37.85454545454546,10.609090909090908,31.754545454545458,31.754545454545458
TN,Nashville,4752006,601222,36.171222990400004,-86.78459448,628,206,103.91901428222658,107.89969055175786,112.65605651855473,3.9806762695312727,8.73704223632815,7.981818181818182,26.109090909090906,56.163636363636364,56.163636363636364,18.127272727272725,48.18181818181818,48.18181818181818
CO,Denver,820000,600158,39.76202837430001,-104.8763653,339,263,102.59761718750003,105.4738433837891,110.23727905273441,2.8762261962890676,7.639661865234373,6.209090909090909,16.945454545454545,40.463636363636354,40.463636363636354,10.736363636363636,34.25454545454544,34.25454545454544
KY,Louisville,2148006,597337,38.1777689918,-85.66641,646,238,102.14891906738285,107.22957946777349,111.36377868652349,5.0806604003906415,9.21485961914064,5.236363636363636,22.54545454545455,50.190909090909095,50.190909090909095,17.309090909090912,44.95454545454546,44.95454545454546
WI,Milwaukee,5553000,594833,43.06412589250001,-87.96724124,610,316,101.17984802246096,105.01226928710942,107.5994506835938,3.8324212646484597,6.419602661132842,2.3636363636363638,6.672727272727274,16.381818181818183,16.381818181818183,4.30909090909091,14.01818181818182,14.01818181818182
OR,Portland,4159000,583776,45.537180654,-122.6500328,55,356,105.36667175292973,109.68888549804691,109.44464294433598,4.322213745117182,4.077971191406249,3.0272727272727273,5.645454545454545,9.145454545454545,9.145454545454545,2.6181818181818173,6.118181818181817,6.118181818181817
NV,Las Vegas,3240000,583756,36.227414843800005,-115.2626701,173,207,116.26132446289066,118.47450378417975,121.26525634765628,2.21317932128909,5.0039318847656205,107.03636363636365,121.05454545454545,141.24545454545455,141.24545454545455,14.018181818181802,34.209090909090904,34.209090909090904
OK,Oklahoma City,4055000,579999,35.467564288,-97.51376155,457,194,109.10701660156253,111.41216796875003,115.08139831542974,2.3051513671874915,5.974381713867203,33.018181818181816,52.53636363636364,78.87272727272727,78.87272727272727,19.518181818181823,45.85454545454546,45.85454545454546
NM,Albuquerque,3502000,545852,35.105502577100005,-106.6474477,311,189,103.44479492187504,106.08018981933597,109.4591394042969,2.6353948974609267,6.014344482421862,16.063636363636363,32.79090909090909,60.972727272727276,60.972727272727276,16.727272727272727,44.909090909090914,44.909090909090914
AZ,Tucson,477000,520116,32.1567244483,-110.8770855,243,142,113.09131835937505,115.74836730957036,118.2761401367188,2.6570489501953034,5.184821777343743,107.5909090909091,130.48181818181814,151.12727272727273,151.12727272727273,22.890909090909048,43.53636363636363,43.53636363636363
CA,Fresno,627000,494665,36.7826786711,-119.7941266,100,216,113.14767822265628,115.75492065429691,117.78251892089847,2.6072424316406284,4.634840698242186,72.9090909090909,89.94545454545452,111.54545454545455,111.54545454545455,17.036363636363618,38.63636363636364,38.63636363636364
CA,Sacramento,664000,466488,38.5666321567,-121.4682998,74,244,112.68035278320318,114.87063110351566,116.42225769042975,2.190278320312487,3.7419049072265693,40.6,57.65454545454546,76.75454545454546,76.75454545454546,17.054545454545462,36.15454545454546,36.15454545454546
CA,Long Beach,643000,462257,33.8060144825,-118.1608941,126,168,105.63972595214848,106.30035034179691,109.46591796875005,0.660624389648433,3.826192016601567,2.836363636363637,5.336363636363637,10.645454545454546,10.645454545454546,2.5,7.8090909090909095,7.8090909090909095
MO,Kansas City,2938000,459787,39.123941397100005,-94.55412368,504,253,108.54486267089847,110.50004455566412,116.16412841796878,1.9551818847656506,7.619265747070315,13.918181818181818,30.07272727272727,57.490909090909085,57.490909090909085,16.154545454545453,43.57272727272726,43.57272727272726
AZ,Mesa,446000,439041,33.4022837359,-111.7187212,230,161,116.23652832031253,118.76277404785162,121.24299255371099,2.5262457275390915,5.006464233398461,128.95454545454547,147.59090909090907,164.92727272727274,164.92727272727274,18.636363636363598,35.97272727272727,35.97272727272727
VA,Virginia Beach,5182000,437994,36.753459333900004,-76.05895795,800,215,100.44850463867192,102.85532348632816,106.03310241699224,2.4068188476562398,5.584597778320315,3.327272727272727,10.909090909090908,22.89090909090909,22.89090909090909,7.581818181818181,19.563636363636363,19.563636363636363
GA,Atlanta,1304000,420003,33.762652468300004,-84.42314191,666,167,100.66105712890628,104.50903503417972,107.41605041503911,3.8479779052734386,6.75499328613283,5.5,17.890909090909087,40.11818181818181,40.11818181818181,12.390909090909087,34.61818181818181,34.61818181818181
CO,Colorado Springs,816000,416427,38.86727480769999,-104.7606645,341,249,95.66096496582036,98.31390502929692,103.13818298339848,2.6529400634765636,7.477218017578124,0.19090909090909086,2.0636363636363635,12.4,12.4,1.8727272727272726,12.209090909090909,12.209090909090909
NE,Omaha,3137000,408958,41.26423091110001,-96.04150764,480,287,104.07218566894535,107.25235412597661,111.46377075195316,3.1801684570312574,7.391585083007811,5.118181818181819,13.1,34.790909090909096,34.790909090909096,7.981818181818181,29.67272727272728,29.67272727272728
NC,Raleigh,3755000,403892,35.8322080933,-78.64402438,759,200,101.64316894531255,107.18423339843753,109.92999694824223,5.541064453124974,8.286828002929681,6.063636363636364,19.59090909090909,44.218181818181804,44.218181818181804,13.527272727272726,38.15454545454544,38.15454545454544
FL,Miami,1245000,399457,25.782295896999997,-80.22156478,733,40,96.80676757812503,98.84235839843754,101.15100341796878,2.035590820312507,4.344235839843748,0.5545454545454545,4.327272727272726,27.309090909090905,27.309090909090905,3.7727272727272716,26.75454545454545,26.75454545454545
OH,Cleveland,3916000,396815,41.4765345821,-81.68054949,710,291,97.17574340820318,101.92994506835942,105.39299499511723,4.754201660156241,8.21725158691406,0.44545454545454544,5.3,16.70909090909091,16.70909090909091,4.8545454545454545,16.263636363636365,16.263636363636365
OK,Tulsa,4075000,391906,36.12842134250001,-95.90361955,483,205,111.23832580566412,113.56120361328131,117.64075683593754,2.322877807617189,6.402431030273419,29.627272727272725,50.11818181818182,76.34545454545454,76.34545454545454,20.490909090909092,46.71818181818182,46.71818181818182
CA,Oakland,653000,390724,37.790878035000006,-122.2148593,62,232,101.82297668457036,102.88369018554693,105.114887084961,1.0607135009765614,3.291910400390634,1.1272727272727272,2.2363636363636363,4.045454545454545,4.045454545454545,1.1090909090909091,2.918181818181818,2.918181818181818
MN,Minneapolis,2743000,382578,44.9635407967,-93.26783453,525,346,101.29985168457037,104.79192749023443,108.27601074218755,3.492075805664058,6.976159057617181,2.4727272727272727,7.836363636363638,21.136363636363633,21.136363636363633,5.363636363636365,18.66363636363636,18.66363636363636
KS,Wichita,2079000,382368,37.690561478,-97.34293668,460,230,110.13005249023442,113.38831726074223,116.50386413574222,3.2582647705078074,6.3738116455078,28.972727272727276,47.236363636363635,69.7909090909091,69.7909090909091,18.26363636363636,40.81818181818182,40.81818181818182
TX,Arlington,4804000,365438,32.699836862000005,-97.12508961,463,150,109.28133117675785,111.84621582031255,115.49790649414066,2.5648846435547057,6.216575317382819,50.06363636363636,74.52727272727273,101.03636363636363,101.03636363636363,24.46363636363637,50.97272727272727,50.97272727272727
CA,Bakersfield,603526,347483,35.3513302855,-119.029786,113,193,112.78593139648441,115.1047222900391,117.80986938476568,2.3187908935546915,5.023937988281261,73.14545454545456,87.42727272727272,107.07272727272725,107.07272727272725,14.281818181818167,33.927272727272694,33.927272727272694
LA,New Orleans,2255000,343829,30.068700993499995,-89.93163179,578,108,99.34102783203129,101.62411315917971,105.60793151855474,2.2830853271484273,6.266903686523449,6.927272727272728,20.66363636363636,53.81818181818181,53.81818181818181,13.736363636363633,46.890909090909084,46.890909090909084
CA,Anaheim,602000,336265,33.83890769959999,-117.8576135,131,168,109.28247375488286,109.5808404541016,112.24841430664067,0.2983666992187466,2.965940551757811,11.818181818181817,19.981818181818184,35.17272727272727,35.17272727272727,8.163636363636368,23.354545454545455,23.354545454545455
FL,Tampa,1271000,335709,27.996198041,-82.44503498,698,75,97.54848754882816,99.44655700683597,102.52100402832036,1.8980694580078108,4.972516479492199,2.236363636363636,13.627272727272725,64.01818181818183,64.01818181818183,11.390909090909089,61.781818181818196,61.781818181818196
CO,Aurora,804000,325078,39.709159478100005,-104.7265266,341,262,101.84890991210942,104.00348266601566,108.6773852539063,2.154572753906237,6.828475341796874,4.909090909090908,14.5,38.22727272727273,38.22727272727273,9.590909090909092,33.31818181818182,33.31818181818182
CA,Santa Ana,669000,324528,33.736694841900004,-117.8818902,131,167,106.07982727050788,106.40199035644537,109.8207708740235,0.32216308593748977,3.7409436035156176,4.127272727272727,7.9818181818181815,16.21818181818182,16.21818181818182,3.8545454545454545,12.090909090909092,12.090909090909092
MO,St. Louis,2965000,319294,38.63581226150001,-90.24511868,573,245,107.0911187744141,110.34303344726565,112.59164367675787,3.251914672851555,5.50052490234377,9.036363636363635,26.17272727272727,53.472727272727276,53.472727272727276,17.136363636363633,44.43636363636364,44.43636363636364
PA,Pittsburgh,4261000,305704,40.4396297486,-79.9762615,737,274,97.78634155273443,103.15388244628912,106.68367980957035,5.36754089355469,8.897338256835923,0.7909090909090909,6.999999999999998,21.39090909090909,21.39090909090909,6.209090909090907,20.6,20.6
TX,Corpus Christi,4817000,305215,27.729158833699998,-97.40190954,459,71,NA,NA,NA,NA,NA,NA,NA,NA,NA,NA,NA,NA
CA,Riverside,662000,303871,33.93812516850001,-117.3948458,139,170,113.37233215332034,115.91892456054691,119.48157104492194,2.5465924072265693,6.109238891601592,44.06363636363636,68.5909090909091,91.39090909090909,91.39090909090909,24.52727272727273,47.32727272727273,47.32727272727273
OH,Cincinnati,3915000,296943,39.1411747124,-84.50600045,665,253,101.32560363769535,105.58450866699222,110.82836547851566,4.258905029296869,9.5027618408203125,2.990909090909091,15.881818181818181,37.95454545454545,37.95454545454545,12.89090909090909,34.96363636363636,34.96363636363636
KY,Lexington,2146027,295803,38.0423254022,-84.45872596,666,236,100.71702697753912,104.84909484863286,109.83754699707035,4.132067871093739,9.120520019531227,2.0454545454545454,14.10909090909091,35.554545454545455,35.554545454545455,12.063636363636364,33.50909090909091,33.50909090909091
CA,Stockton,675000,291707,37.9766322679,-121.3111217,76,235,109.43183288574224,111.56502624511722,114.21110534667973,2.133193359374985,4.7792724609374915,29.609090909090906,47.65454545454546,68.52727272727273,68.52727272727273,18.045454545454557,38.91818181818182,38.91818181818182
OH,Toledo,3977000,287208,41.66373996040001,-83.58238184,680,294,101.96905639648443,106.28355773925784,109.44709289550785,4.314501342773411,7.478036499023418,4.009090909090909,12.690909090909091,27.809090909090912,27.809090909090912,8.681818181818183,23.800000000000004,23.800000000000004
MN,St. Paul,2758000,285068,44.94774025579999,-93.10399583,527,346,99.92378112792974,104.23488769531255,107.49686584472661,4.311106567382808,7.5730847167968705,1.3727272727272726,6.127272727272727,20.45454545454546,20.45454545454546,4.754545454545454,19.08181818181819,19.08181818181819
NJ,Newark,3451000,277140,40.72606934490001,-74.17529971,830,279,101.21869018554693,104.18027465820316,107.59412780761723,2.9615844726562273,6.375437622070294,2.327272727272727,6.454545454545455,16.27272727272727,16.27272727272727,4.127272727272728,13.945454545454542,13.945454545454542
NC,Greensboro,3728000,269666,36.096048041500005,-79.82768331,740,205,100.16470031738285,106.03476684570316,109.05750671386723,5.870066528320308,8.892806396484374,3.345454545454546,15.345454545454544,38.46363636363637,38.46363636363637,11.999999999999998,35.118181818181824,35.118181818181824
NY,Buffalo,3611000,261310,42.90145182329999,-78.84752373,755,313,95.71778076171879,100.0950964355469,104.35791259765628,4.377315673828122,8.640131835937495,0.12727272727272726,1.8545454545454543,7.063636363636364,7.063636363636364,1.727272727272727,6.936363636363637,6.936363636363637
TX,Plano,4858016,259841,33.0502149278,-96.74864098,469,156,108.55104797363285,110.92157897949224,114.07866516113286,2.370531005859391,5.527617187500013,41.01818181818182,64.38181818181818,94.21818181818182,94.21818181818182,23.363636363636353,53.199999999999996,53.199999999999996
NE,Lincoln,3128000,258379,40.80961956949999,-96.6806742,470,280,107.6976794433594,110.22318908691409,113.06490173339849,2.5255096435546847,5.367222290039081,13.49090909090909,26.372727272727275,48.85454545454545,48.85454545454545,12.881818181818184,35.36363636363636,35.36363636363636
NV,Henderson,3231900,257729,36.01223949159999,-115.0373922,176,203,116.44302734375003,118.88727661132816,121.31683715820316,2.4442492675781295,4.873809814453125,106.77272727272725,121.77272727272728,141.6727272727273,141.6727272727273,15.000000000000028,34.900000000000034,34.900000000000034
IN,Fort Wayne,1825000,253691,41.0884920417,-85.14358988,655,284,99.52147827148443,103.89752502441408,107.99216796875005,4.376046752929653,8.470689697265627,1.4727272727272727,9.527272727272727,25.336363636363636,25.336363636363636,8.054545454545455,23.863636363636363,23.863636363636363
NJ,Jersey City,3436000,247597,40.7188130852,-74.06877406,832,279,101.91754150390629,104.95937561035161,108.75917297363284,3.0418341064453216,6.841631469726551,2.5545454545454547,6.8090909090909095,16.354545454545452,16.354545454545452,4.254545454545455,13.799999999999997,13.799999999999997
FL,St. Petersburg,1263000,244769,27.792894971,-82.66507432,694,72,96.71261474609379,98.38036132812505,100.9070739746094,1.6677465820312563,4.194459228515612,0.8181818181818181,7.645454545454546,48.55454545454545,48.55454545454545,6.827272727272728,47.73636363636363,47.73636363636363
CA,Chula Vista,613392,243916,32.6282964262,-117.0100424,145,149,98.64682922363286,101.14835021972661,105.18419433593753,2.5015209960937455,6.53736511230467,0.43636363636363634,0.9727272727272727,2.5272727272727273,2.5272727272727273,0.5363636363636364,2.090909090909091,2.090909090909091
VA,Norfolk,5157000,242803,36.893286300599996,-76.25671578,797,217,101.61151733398441,104.7196099853516,108.24142578125004,3.108092651367187,6.629908447265635,5.581818181818181,14.036363636363635,28.47272727272727,28.47272727272727,8.454545454545453,22.890909090909087,22.890909090909087
FL,Orlando,1253000,238300,28.480064677099996,-81.34524112,715,83,99.77171386718753,102.55026611328128,105.04365722656254,2.778552246093753,5.271943359375015,6.736363636363637,26.345454545454544,80.25454545454545,80.25454545454545,19.609090909090906,73.51818181818182,73.51818181818182
AZ,Chandler,412000,236123,33.28318981,-111.85221,227,160,115.67008422851566,118.81240478515629,121.7591137695313,3.1423205566406267,6.089029541015634,133.10909090909092,150.6818181818182,166.78181818181818,166.78181818181818,17.572727272727263,33.67272727272726,33.67272727272726
TX,Laredo,4841464,236091,27.548257247499997,-99.48677973,425,68,112.68714233398441,114.72624328613287,118.64258911132818,2.039100952148459,5.9554467773437665,111.41818181818182,136.73636363636365,168.73636363636365,168.73636363636365,25.318181818181827,57.31818181818183,57.31818181818183
WI,Madison,5548000,233209,43.08098656939999,-89.39151063,587,316,100.24763061523443,103.1903405761719,106.68529479980475,2.942709960937478,6.437664184570323,1.5272727272727271,4.754545454545455,16.30909090909091,16.30909090909091,3.2272727272727275,14.781818181818181,14.781818181818181
NC,Winston-Salem,3775000,229617,36.10294530390001,-80.26098892,733,205,100.86035461425786,106.51934082031258,109.3629321289063,5.6589862060547205,8.502577514648436,3.072727272727273,15.209090909090909,37.27272727272727,37.27272727272727,12.136363636363637,34.2,34.2
TX,Lubbock,4845000,229573,33.5666251178,-101.8863357,387,164,107.72444763183599,110.67523803710944,114.17650390625003,2.9507904052734517,6.452056274414048,29.6,57.66363636363637,89.99090909090908,89.99090909090908,28.06363636363637,60.390909090909084,60.390909090909084
LA,Baton Rouge,2205000,229493,30.4510891679,-91.1263552,559,114,100.82782409667972,103.94589782714847,107.2340014648438,3.118073730468751,6.40617736816408,8.163636363636364,28.190909090909095,67.8,67.8,20.02727272727273,59.63636363636363,59.63636363636363
NC,Durham,3719000,228330,35.9809147402,-78.90591611,755,203,102.77244812011722,108.39261962890627,110.38280395507817,5.620171508789056,7.610355834960956,7.327272727272728,23.8,49.50000000000001,49.50000000000001,16.472727272727273,42.17272727272728,42.17272727272728
TX,Garland,4829000,226876,32.9100799867,-96.63042586,471,154,108.67053527832033,111.04412048339847,114.53764648437502,2.373585205078143,5.8671112060546875,42.00909090909091,65.88181818181819,96.01818181818182,96.01818181818182,23.872727272727282,54.00909090909091,54.00909090909091
AZ,Glendale,427820,226721,33.57961230890001,-112.2253064,221,164,117.76741821289065,120.00094421386726,122.96628051757816,2.2335260009766102,5.198862304687509,137.62727272727273,153.93636363636364,169.49999999999997,169.49999999999997,16.309090909090912,31.872727272727246,31.872727272727246
NV,Reno,3260600,225221,39.55401719979999,-119.8527335,99,260,101.74457824707036,105.33520690917973,106.82821594238285,3.590628662109367,5.08363769531249,4.254545454545455,13.581818181818182,29.381818181818183,29.381818181818183,9.327272727272728,25.12727272727273,25.12727272727273
FL,Hialeah,1230000,224669,25.869626947999997,-80.30452947,732,41,96.71162597656254,98.70300231933598,101.1225268554688,1.9913763427734352,4.410900878906261,0.5454545454545454,4.390909090909091,29.372727272727275,29.372727272727275,3.8454545454545452,28.827272727272728,28.827272727272728
VA,Chesapeake,5116000,222209,36.677752111800004,-76.30243259,796,214,100.14343078613284,103.05035278320315,106.59992004394535,2.906921997070313,6.456489257812507,3.2909090909090915,11.772727272727272,26.736363636363638,26.736363636363638,8.48181818181818,23.445454545454545,23.445454545454545
AZ,Scottsdale,465000,217385,33.687249365099994,-111.8650859,227,166,112.93039611816411,115.79043395996098,118.76045593261722,2.860037841796867,5.830059814453108,102.46363636363637,121.53636363636363,143.99090909090907,143.99090909090907,19.072727272727263,41.5272727272727,41.5272727272727
NV,North Las Vegas,3251800,216961,36.2891993562,-115.0884961,176,208,114.60555297851568,116.68385864257819,119.47696777343754,2.078305664062512,4.871414794921861,93.36363636363636,108.11818181818182,129.66363636363639,129.66363636363639,14.754545454545465,36.300000000000026,36.300000000000026
TX,Irving,4837000,216290,32.8583808131,-96.97030583,465,153,110.24650207519535,112.51799133300786,115.48398681640629,2.2714892578125045,5.237484741210935,50.699999999999996,73.68181818181817,101.34545454545454,101.34545454545454,22.981818181818177,50.64545454545455,50.64545454545455
CA,Fremont,626000,214089,37.5278685405,-121.9841215,65,227,103.77147888183598,105.23909851074222,107.12039184570317,1.4676196289062489,3.3489129638671926,1.7363636363636363,3.454545454545454,5.509090909090909,5.509090909090909,1.7181818181818178,3.7727272727272725,3.7727272727272725
CA,Irvine,636770,212375,33.67801089040001,-117.7736333,133,166,105.03419799804692,105.33853027343753,108.5846716308594,0.3043322753906068,3.5504736328124835,2.709090909090909,6.009090909090909,11.57272727272727,11.57272727272727,3.3,8.863636363636362,8.863636363636362
AL,Birmingham,107000,212237,33.5275663773,-86.79881747,628,163,103.4286724853516,106.69057922363285,111.26951599121098,3.2619067382812545,7.840843505859382,9.754545454545454,26.51818181818182,55.01818181818182,55.01818181818182,16.763636363636365,45.263636363636365,45.263636363636365
NY,Rochester,3663000,210565,43.1679802918,-77.61623489,775,318,98.14282592773442,103.30147827148441,107.34560058593755,5.158652343749992,9.202774658203126,0.6545454545454545,4.590909090909092,14.854545454545455,14.854545454545455,3.9363636363636374,14.200000000000001,14.200000000000001
CA,San Bernardino,665000,209924,34.13923228440001,-117.2952727,140,173,112.87731018066411,115.56455505371098,117.60775390625004,2.6872448730468648,4.730443725585928,56.58181818181818,78.7,103.4,103.4,22.118181818181824,46.81818181818183,46.81818181818183
WA,Spokane,5367000,208916,47.6736243259,-117.4159733,138,390,104.98100769042972,106.4079779052735,109.77162902832035,1.4269702148437773,4.790621337890627,8.163636363636362,15.190909090909091,26.890909090909087,26.890909090909087,7.027272727272729,18.727272727272727,18.727272727272727
AZ,Gilbert,427400,208453,33.310149392,-111.7462375,229,160,116.05325988769535,118.73908203125004,121.64866821289067,2.685822143554688,5.595408325195322,131.7181818181818,149.90909090909093,166.4818181818182,166.4818181818182,18.190909090909145,34.76363636363641,34.76363636363641
AL,Montgomery,151000,205764,32.347264533299985,-86.26770596,637,145,102.25433837890628,105.33004882812504,110.98187194824223,3.075710449218761,8.727533569335947,15.76363636363636,38.599999999999994,72.22727272727272,72.22727272727272,22.836363636363636,56.46363636363636,56.46363636363636
ID,Boise City,1608830,205671,43.5984343897,-116.2308852,157,325,107.86654479980473,111.12753417968754,114.16568786621099,3.2609893798828153,6.299143066406259,18.490909090909092,33.77272727272727,54.245454545454535,54.245454545454535,15.281818181818181,35.75454545454544,35.75454545454544
VA,Richmond,5167000,204214,37.52939330830001,-77.47556817,777,227,102.18011474609378,104.98315002441412,110.19066955566409,2.803035278320337,8.010554809570309,6.7,19.445454545454545,41.990909090909085,41.990909090909085,12.745454545454546,35.29090909090908,35.29090909090908
IA,Des Moines,1921000,203433,41.5741349525,-93.61650661,519,292,103.1394409179688,107.10098449707039,110.17424499511723,3.961543579101587,7.034804077148436,5.390909090909091,13.509090909090906,34.75454545454546,34.75454545454546,8.1181818181818155,29.363636363636367,29.363636363636367
CA,Modesto,648354,201165,37.661547822100005,-120.9885481,81,230,109.24424133300786,111.37659973144537,113.3528863525391,2.1323583984375034,4.108645019531238,38.36363636363637,54.518181818181816,72.5090909090909,72.5090909090909,16.15454545454545,34.145454545454534,34.145454545454534
NC,Fayetteville,3722920,200564,35.085130952700005,-78.97916765,753,188,103.00331481933597,107.65055358886723,110.34486816406255,4.647238769531256,7.341553344726577,9.018181818181818,25.509090909090908,50.74545454545455,50.74545454545455,16.490909090909092,41.727272727272734,41.727272727272734
LA,Shreveport,2270000,199311,32.4671618864,-93.79622361,516,146,106.63273071289066,108.26172851562504,113.6215405273438,1.628997802734375,6.988809814453134,29.78181818181818,55.1,88.91818181818181,88.91818181818181,25.31818181818182,59.136363636363626,59.136363636363626
OH,Akron,3901000,199110,41.08014449419999,-81.52192137,713,284,98.29845825195316,103.25022155761727,107.36187683105473,4.951763305664102,9.063418579101565,0.46363636363636357,6.2,16.81818181818182,16.81818181818182,5.736363636363636,16.354545454545455,16.354545454545455
WA,Tacoma,5370000,198397,47.24254114450001,-122.4544739,58,383,96.83351379394536,99.66397644042975,101.3290533447266,2.830462646484392,4.4955395507812455,0.21818181818181817,0.47272727272727266,1.381818181818182,1.381818181818182,0.2545454545454545,1.1636363636363638,1.1636363636363638
CA,Oxnard,654652,197899,34.195923773100006,-119.1818766,110,174,100.97433776855473,102.87418701171877,105.78287231445317,1.8998492431640415,4.808534545898439,0.5363636363636364,1.4,2.718181818181818,2.718181818181818,0.8636363636363635,2.1818181818181817,2.1818181818181817
IL,Aurora,1703012,197899,41.763775083700004,-88.29009491,604,295,100.73624755859382,104.74185729980472,108.72448364257816,4.005609741210904,7.988236083984347,2.2727272727272725,8.290909090909091,25.472727272727273,25.472727272727273,6.0181818181818185,23.2,23.2
CA,Fontana,624680,196069,34.0974227833,-117.4592413,138,173,111.36731628417972,113.88654174804692,115.28130554199224,2.519225463867201,3.913989257812517,41.6,63.66363636363637,88.32727272727273,88.32727272727273,22.06363636363637,46.72727272727273,46.72727272727273
NY,Yonkers,3684000,195976,40.946502559699994,-73.863696,835,282,101.44983154296878,104.99225219726566,107.13789855957036,3.542420654296876,5.688067016601579,2.5818181818181816,6.436363636363636,14.809090909090912,14.809090909090912,3.854545454545454,12.22727272727273,12.22727272727273
GA,Augusta,1304204,195844,33.364456152699994,-82.07083968,704,161,105.15687683105473,108.70249450683598,112.6573364257813,3.5456176757812443,7.500459594726564,16.87272727272727,39.36363636363637,72.49090909090908,72.49090909090908,22.490909090909096,55.61818181818181,55.61818181818181
AL,Mobile,150000,195111,30.677624864800002,-88.11844827,607,118,101.03957458496099,103.45167785644534,107.16284851074222,2.412103271484355,6.123273925781234,10.109090909090908,23.6,58.43636363636364,58.43636363636364,13.490909090909094,48.32727272727273,48.32727272727273
AR,Little Rock,541000,193524,34.72539578940001,-92.35837519,539,183,107.66239685058596,109.94755310058596,113.71538574218752,2.28515625,6.052988891601558,20.39090909090909,46.64545454545454,76.78181818181818,76.78181818181818,26.25454545454545,56.39090909090909,56.39090909090909
CA,Moreno Valley,649270,193365,33.92443141119999,-117.2045019,142,170,110.61198425292973,113.61126281738287,116.22933227539068,2.9992785644531352,5.617348022460945,41.09090909090909,62.95454545454546,86.3909090909091,86.3909090909091,21.863636363636367,45.30000000000001,45.30000000000001
CA,Glendale,630000,191719,34.18188937299999,-118.2467667,125,174,105.92728759765627,107.8095367431641,110.05450500488284,1.8822491455078278,4.127217407226567,10.209090909090909,22.790909090909093,41.263636363636365,41.263636363636365,12.581818181818184,31.054545454545455,31.054545454545455
TX,Amarillo,4803000,190695,35.2003835544,-101.8282925,388,190,104.75223937988287,107.16029418945315,111.29395507812505,2.408054809570288,6.541715698242186,18.972727272727273,38.06363636363638,67.14545454545456,67.14545454545456,19.090909090909104,48.172727272727286,48.172727272727286
CA,Huntington Beach,636000,189992,33.695274907700004,-118.0018108,129,166,104.0827435302735,104.53798400878911,107.77746765136723,0.4552404785156057,3.694724121093728,2.190909090909091,3.6545454545454548,7.9,7.9,1.4636363636363638,5.709090909090909,5.709090909090909
GA,Columbus,1319000,189885,32.50996148519999,-84.87704106,659,147,102.82055175781254,106.26515014648442,110.15187133789065,3.444598388671878,7.331319580078116,15.081818181818182,38.654545454545456,71.57272727272728,71.57272727272728,23.572727272727274,56.4909090909091,56.4909090909091
MI,Grand Rapids,2634000,188040,42.96148154139999,-85.65568585,647,314,98.68164489746098,102.14222290039066,105.87820617675784,3.4605780029296795,7.1965612792968585,0.8727272727272727,4.0272727272727264,15.172727272727272,15.172727272727272,3.154545454545454,14.299999999999999,14.299999999999999
UT,Salt Lake City,4967000,186440,40.77784894650001,-111.9312208,226,279,103.91394958496099,107.34066772460942,110.5605407714844,3.426718139648429,6.646591186523409,15.445454545454544,32.1,55.36363636363636,55.36363636363636,16.654545454545456,39.918181818181814,39.918181818181814
FL,Tallahassee,1270600,181376,30.454895121100005,-84.25264599,669,114,101.29032104492192,103.34809326171879,107.6346069335938,2.057772216796863,6.344285888671877,10.61818181818182,32.93636363636363,71.01818181818182,71.01818181818182,22.31818181818181,60.39999999999999,60.39999999999999
MA,Worcester,2582000,181045,42.270542544600005,-71.80794046,868,303,96.40997436523443,99.9551031494141,102.72687133789066,3.545128784179667,6.316896972656224,0.29090909090909084,1.3454545454545455,5.8090909090909095,5.8090909090909095,1.0545454545454547,5.5181818181818185,5.5181818181818185
VA,Newport News,5156000,180719,37.10511413090001,-76.51826445,793,221,101.10309753417974,103.37391113281255,107.75116638183597,2.270813598632813,6.6480688476562335,3.818181818181818,11.70909090909091,25.245454545454542,25.245454545454542,7.890909090909092,21.427272727272726,21.427272727272726
AL,Huntsville,137000,180105,34.698969267100004,-86.63870429,631,182,104.28072265625005,108.43669677734378,112.39168151855472,4.155974121093735,8.11095886230467,8,27.827272727272724,57.83636363636363,57.83636363636363,19.827272727272724,49.83636363636363,49.83636363636363
TN,Knoxville,4740000,178874,35.969059453099995,-83.94958773,674,203,99.98156921386723,104.34312500000006,108.18307739257816,4.361555786132826,8.201508178710924,2.281818181818182,13.709090909090909,37.372727272727275,37.372727272727275,11.427272727272726,35.09090909090909,35.09090909090909
RI,Providence,4459000,178042,41.823480532999994,-71.42181293,874,296,99.44616699218753,101.92941772460941,104.91678161621098,2.4832507324218795,5.4706146240234546,1.0909090909090908,2.327272727272727,7,7,1.2363636363636363,5.909090909090909,5.909090909090909
CA,Santa Clarita,669088,176320,34.4119039185,-118.5035047,121,178,109.40383972167972,112.51193237304692,116.94169677734378,3.108092651367201,7.5378570556640625,35.2,53.95454545454545,77.40909090909092,77.40909090909092,18.75454545454545,42.20909090909092,42.20909090909092
TX,Grand Prairie,4830464,175396,32.6867650238,-97.02093119,465,150,109.59395812988286,111.7382916259766,115.51959899902349,2.1443334960937364,5.925640869140622,52.70909090909091,75.71818181818182,102.32727272727273,102.32727272727273,23.009090909090908,49.61818181818182,49.61818181818182
TX,Brownsville,4810768,175023,25.998197786099997,-97.45663438,458,43,101.80984252929692,104.17966491699221,107.4475317382813,2.3698223876952937,5.6376892089843835,39.79090909090909,69.63636363636364,101.66363636363637,101.66363636363637,29.84545454545455,61.87272727272728,61.87272727272728
MS,Jackson,2836000,173514,32.31627222,-90.21245286,574,144,104.77344848632818,107.8982788085938,112.31446960449225,3.1248303222656233,7.541021118164068,19.42727272727273,42.93636363636364,80.25454545454545,80.25454545454545,23.509090909090908,60.82727272727272,60.82727272727272
KS,Overland Park,2053775,173372,38.88729225749999,-94.68722671,502,249,108.49694030761722,110.15062438964847,115.78616027832034,1.6536840820312477,7.289219970703115,12.072727272727274,25.663636363636364,52.018181818181816,52.018181818181816,13.59090909090909,39.94545454545454,39.94545454545454
CA,Garden Grove,629000,170883,33.7786940635,-117.9601112,130,167,106.18082458496096,106.35976440429693,109.76593261718753,0.17893981933596592,3.5851080322265716,4.090909090909091,7.772727272727273,15.609090909090913,15.609090909090913,3.6818181818181825,11.518181818181823,11.518181818181823
CA,Santa Rosa,670098,167815,38.4464423102,-122.7060059,54,242,108.22901123046879,110.63396240234378,111.87323669433597,2.4049511718749983,3.644225463867187,8.845454545454546,13.936363636363637,21.418181818181814,21.418181818181814,5.090909090909092,12.572727272727269,12.572727272727269
TN,Chattanooga,4714000,167674,35.0662472165,-85.24667719,653,188,102.8775268554688,107.23359497070317,111.29261474609382,4.356068115234365,8.415087890625017,8.063636363636363,25.81818181818182,53.32727272727273,53.32727272727273,17.754545454545458,45.263636363636365,45.263636363636365
CA,Oceanside,653322,167086,33.22474574740001,-117.3082003,140,159,101.63117187500005,102.23582641601567,104.73659484863288,0.6046545410156199,3.1054229736328267,1.109090909090909,1.872727272727273,4.3909090909090915,4.3909090909090915,0.7636363636363641,3.2818181818181826,3.2818181818181826
FL,Fort Lauderdale,1224000,165521,26.141820517400003,-80.14712255,735,45,95.78802734375004,97.37025085449224,100.42805358886723,1.582223510742196,4.640026245117184,0.3,3.1545454545454543,29.96363636363637,29.96363636363637,2.8545454545454545,29.663636363636368,29.663636363636368
CA,Rancho Cucamonga,659451,165269,34.124589555499995,-117.5661759,136,173,109.73297363281253,111.81031250000005,113.91738037109378,2.077338867187521,4.184406738281254,25.7,44.900000000000006,65.99999999999999,65.99999999999999,19.200000000000006,40.29999999999998,40.29999999999998
FL,Port St. Lucie,1258715,164603,27.2808680308,-80.38321546,731,63,97.19885864257816,100.16652954101568,103.41000122070318,2.967670898437518,6.2111425781250205,1.018181818181818,8.7,46.336363636363636,46.336363636363636,7.681818181818182,45.31818181818182,45.31818181818182
CA,Ontario,653896,163924,34.0392649464,-117.6064271,135,172,111.04146179199225,112.71004882812504,115.52524047851566,1.6685870361327915,4.483778686523408,35.836363636363636,55.65454545454546,80.51818181818183,80.51818181818183,19.818181818181827,44.681818181818194,44.681818181818194
WA,Vancouver,5374060,161791,45.635717236500014,-122.5985395,55,357,102.05716674804694,104.92218139648442,106.54266479492193,2.86501464843748,4.485498046874994,1.718181818181818,3.490909090909091,6.781818181818181,6.781818181818181,1.7727272727272732,5.0636363636363635,5.0636363636363635
AZ,Tempe,473000,161719,33.38826403069999,-111.9318023,226,161,117.04560546875004,120.08764831542973,122.45052734375004,3.042042846679692,5.404921874999999,137.43636363636364,153.89090909090908,170.42727272727274,170.42727272727274,16.45454545454544,32.9909090909091,32.9909090909091
MO,Springfield,2970000,159498,37.194266148400004,-93.29142737,524,222,104.88988708496098,110.46810180664065,114.43134277343754,5.578214721679672,9.54145568847656,9.163636363636364,25.47272727272727,52.663636363636364,52.663636363636364,16.309090909090905,43.5,43.5
CA,Lancaster,640130,156633,34.6934347017,-118.1753064,126,182,111.6624694824219,114.53224670410161,117.89706237792976,2.869777221679712,6.234592895507859,64.14545454545454,84.03636363636363,105.5272727272727,105.5272727272727,19.89090909090909,41.38181818181816,41.38181818181816
OR,Eugene,4123850,156185,44.055936334600005,-123.1173276,47,332,103.44573425292973,106.76512145996098,107.21661010742191,3.319387207031255,3.770875854492189,3.1000000000000005,7.136363636363638,12.754545454545454,12.754545454545454,4.036363636363637,9.654545454545453,9.654545454545453
FL,Pembroke Pines,1255775,154750,26.0127387534,-80.33845227,732,43,96.52352355957035,97.82561218261723,100.81822753906253,1.3020886230468847,4.2947039794921835,0.40909090909090906,3.536363636363636,29.563636363636363,29.563636363636363,3.127272727272727,29.154545454545453,29.154545454545453
OR,Salem,4164900,154637,44.923273154,-123.0248671,49,346,105.34448486328131,108.93685485839849,109.56323486328131,3.5923699951171812,4.21875,3.7636363636363632,7.536363636363636,12.136363636363637,12.136363636363637,3.772727272727273,8.372727272727273,8.372727272727273
FL,Cape Coral,1210275,154305,26.644854499300006,-81.99311083,705,53,99.28227844238283,101.20399047851566,103.94761718750003,1.9217120361328313,4.665338745117197,4.963636363636364,24.20909090909091,85.34545454545454,85.34545454545454,19.245454545454546,80.38181818181818,80.38181818181818
AZ,Peoria,454050,154065,33.7847206422,-112.2986806,220,168,116.1378161621094,119.34554382324222,121.21653198242193,3.2077276611328216,5.0787158203125244,123.71818181818182,142.49999999999997,162.0909090909091,162.0909090909091,18.781818181818153,38.372727272727275,38.372727272727275
SD,Sioux Falls,4659020,153888,43.538806753699994,-96.73134959,469,324,103.55714111328129,107.07175537109379,110.86552124023441,3.5146142578124966,7.308380126953125,5.536363636363637,12.754545454545454,31.127272727272732,31.127272727272732,7.218181818181817,25.590909090909093,25.590909090909093
MA,Springfield,2567000,153060,42.1154977999,-72.53952541,856,301,99.2953686523438,103.5500659179688,107.10428039550784,4.254697265624998,7.808911743164046,1.7363636363636363,4.4363636363636365,14.781818181818181,14.781818181818181,2.7,13.045454545454545,13.045454545454545
CA,Elk Grove,622020,153015,38.4159992006,-121.3841378,75,242,111.65321899414066,113.95228393554694,115.76490173339849,2.299064941406286,4.11168273925783,37.06363636363637,53.8090909090909,72.7909090909091,72.7909090909091,16.74545454545453,35.72727272727273,35.72727272727273
IL,Rockford,1765000,152871,42.26331800150001,-89.06259584,592,303,99.22026611328128,103.34212768554691,107.22031250000005,4.1218615722656295,8.000046386718765,1.6909090909090907,6.572727272727273,20.945454545454545,20.945454545454545,4.881818181818183,19.254545454545454,19.254545454545454
CA,Palmdale,655156,152750,34.5944899803,-118.1057723,127,181,111.77697448730473,113.94265441894534,117.54364868164066,2.165679931640611,5.766674194335934,66.82727272727273,85.54545454545453,107.13636363636363,107.13636363636363,18.718181818181804,40.3090909090909,40.3090909090909
CA,Corona,616350,152374,33.8623571787,-117.5642245,136,169,110.76303527832036,113.56266479492191,116.04140014648442,2.7996295166015557,5.278364868164061,33.63636363636364,54.74545454545455,79.44545454545455,79.44545454545455,21.10909090909091,45.80909090909091,45.80909090909091
CA,Salinas,664224,150441,36.688917432100006,-121.631812,71,214,102.21965454101567,103.34949401855474,105.84595031738286,1.1298394775390648,3.6262957763671864,0.7545454545454546,1.5636363636363637,2.2090909090909085,2.2090909090909085,0.8090909090909091,1.454545454545454,1.454545454545454
CA,Pomona,658072,149058,34.058502636600004,-117.7625517,133,172,109.26531860351565,110.96091003417973,114.01870178222657,1.6955914306640807,4.753383178710919,20.127272727272732,37.163636363636364,59.18181818181819,59.18181818181819,17.03636363636363,39.054545454545455,39.054545454545455
TX,Pasadena,4856000,149043,29.658951148800007,-95.15091731,495,102,103.15261352539066,105.98570739746098,109.51415344238285,2.8330938720703216,6.361539916992186,12.5,32.372727272727275,64.5,64.5,19.872727272727275,52,52
IL,Joliet,1738570,147433,41.5206390037,-88.15070978,607,291,101.49066772460942,105.18895141601566,108.83828002929693,3.698283691406232,7.347612304687502,3.1999999999999993,10.818181818181818,30.327272727272724,30.327272727272724,7.618181818181819,27.127272727272725,27.127272727272725
NJ,Paterson,3457000,146199,40.91468749769998,-74.16241813,830,282,103.4335504150391,105.54589172363285,108.38281982421877,2.1123413085937557,4.949269409179678,2.963636363636364,7.0272727272727264,15.881818181818184,15.881818181818184,4.063636363636363,12.918181818181822,12.918181818181822
KS,Kansas City,2036000,145786,39.12346214090001,-94.74419211,501,253,107.76459716796879,109.79922119140629,115.5346392822266,2.0346240234375017,7.770042114257819,12.827272727272728,28.81818181818182,56.0090909090909,56.0090909090909,15.990909090909092,43.18181818181817,43.18181818181817
CA,Torrance,680000,145438,33.8345985464,-118.341642,124,168,102.5830053710938,103.20681457519535,106.28955078125004,0.6238092041015477,3.706545410156238,0.9454545454545453,1.609090909090909,3.1454545454545455,3.1454545454545455,0.6636363636363636,2.2,2.2
NY,Syracuse,3673000,145170,43.0409202097,-76.14376792,799,316,97.68917846679692,103.3239233398438,107.15145019531253,5.634744873046884,9.462271728515617,0.5999999999999999,3.981818181818182,12.190909090909091,12.190909090909091,3.381818181818182,11.590909090909092,11.590909090909092
CT,Bridgeport,908000,144229,41.1928054233,-73.19605469,846,286,98.33274658203129,100.93266662597661,103.89532226562505,2.5999200439453176,5.562575683593764,0.4727272727272728,1.8727272727272726,6.063636363636364,6.063636363636364,1.4,5.590909090909092,5.590909090909092
CA,Hayward,633000,144186,37.632959155100004,-122.0770511,64,229,100.958715209961,102.87206665039066,104.85402770996097,1.9133514404296648,3.8953124999999744,1.0909090909090908,2.909090909090909,5.2727272727272725,5.2727272727272725,1.8181818181818183,4.181818181818182,4.181818181818182
CO,Fort Collins,827425,143986,40.54877589240001,-105.0659049,336,276,101.27451171875005,103.97588500976568,107.59142517089848,2.701373291015628,6.316913452148427,2.9727272727272727,9.636363636363637,28.8,28.8,6.663636363636364,25.827272727272728,25.827272727272728
CA,Escondido,622804,143911,33.1346952955,-117.0721226,144,157,106.43751464843754,108.62483215332036,111.1427282714844,2.187317504882813,4.705213623046859,10.227272727272728,18.854545454545455,33.58181818181818,33.58181818181818,8.627272727272727,23.354545454545452,23.354545454545452
CO,Lakewood,843000,142980,39.6976734462,-105.1169654,335,262,100.96954772949223,103.4404498291016,108.36890014648444,2.4709020996093614,7.399352416992201,3.172727272727273,10.363636363636363,30.618181818181817,30.618181818181817,7.1909090909090905,27.445454545454545,27.445454545454545
IL,Naperville,1751622,141853,41.74820011450001,-88.16577051,606,295,100.17913085937505,104.81070312500006,108.73328918457037,4.63157226562501,8.554158325195317,2.8909090909090907,10.318181818181818,27.927272727272726,27.927272727272726,7.427272727272728,25.036363636363635,25.036363636363635
OH,Dayton,3921000,141527,39.779768039000004,-84.19979305,670,263,100.15899291992193,104.6071978759766,109.95912719726569,4.448204956054667,9.800134277343759,3.945454545454546,15.39090909090909,35.10909090909091,35.10909090909091,11.445454545454545,31.163636363636364,31.163636363636364
FL,Hollywood,1232000,140768,26.02870257029999,-80.16839761,734,43,95.87367675781255,97.19088256835943,100.00674438476567,1.3172058105468807,4.133067626953121,0.2636363636363636,2.4727272727272727,22.2,22.2,2.209090909090909,21.936363636363637,21.936363636363637
CA,Sunnyvale,677000,140081,37.383441656599985,-122.0256243,65,225,104.32337158203129,105.81889648437505,107.64167663574224,1.4955249023437602,3.318305053710958,2.5727272727272723,4.218181818181819,6.609090909090909,6.609090909090909,1.6454545454545464,4.036363636363637,4.036363636363637
VA,Alexandria,5101000,139966,38.8187351557,-77.08677627,784,248,102.79781555175785,105.60997497558598,109.31269165039066,2.8121594238281347,6.514876098632811,5.945454545454545,17.39090909090909,37.809090909090905,37.809090909090905,11.445454545454545,31.86363636363636,31.86363636363636
TX,Mesquite,4847892,139824,32.764131016600004,-96.59274451,472,151,108.31656677246099,111.10686889648443,114.44175231933598,2.790302124023441,6.125185546874988,48.98181818181818,71.79090909090908,99.2,99.2,22.809090909090905,50.218181818181826,50.218181818181826
VA,Hampton,5135000,137436,37.053300902500006,-76.36659456,795,220,101.16295654296879,103.3496148681641,107.42956359863285,2.1866583251953102,6.266607055664068,3.381818181818182,9.945454545454545,20.690909090909088,20.690909090909088,6.5636363636363635,17.309090909090905,17.309090909090905
CA,Pasadena,656000,137122,34.15976348059999,-118.1389216,127,174,104.9577221679688,108.42882507324222,110.8880981445313,3.471102905273426,5.930375976562502,6.745454545454545,18.4,31.663636363636364,31.663636363636364,11.654545454545453,24.918181818181818,24.918181818181818
CA,Orange,653980,136416,33.80464195669999,-117.8231855,132,168,108.20464355468752,108.83976867675786,111.24349487304691,0.6351251220703347,3.0388513183593915,9.581818181818182,16.763636363636362,31.672727272727276,31.672727272727276,7.18181818181818,22.090909090909093,22.090909090909093
GA,Savannah,1369000,136286,32.0283615157,-81.17834355,718,139,102.48529846191411,104.95383300781255,108.55741455078127,2.468534545898436,6.072116088867162,11.845454545454542,28.2,58.736363636363635,58.736363636363635,16.35454545454546,46.89090909090909,46.89090909090909
NC,Cary,3710740,135234,35.78149787219999,-78.81521916,756,200,102.09904113769537,107.58338317871099,110.6305786132813,5.484342041015623,8.531537475585935,5.172727272727273,19.836363636363636,47.18181818181817,47.18181818181817,14.663636363636364,42.0090909090909,42.0090909090909
CA,Fullerton,628000,135161,33.88403780129999,-117.9278509,130,169,108.77398803710943,109.34137695312504,112.17303710937506,0.5673889160156023,3.399049072265626,11.436363636363636,19.70909090909091,36.61818181818182,36.61818181818182,8.272727272727275,25.18181818181818,25.18181818181818
MI,Warren,2684000,134056,42.4934233034,-83.02700752,689,307,99.48388305664066,102.87400573730471,105.65003662109379,3.3901226806640494,6.166153564453126,0.9181818181818183,4.254545454545455,12.209090909090907,12.209090909090907,3.3363636363636364,11.29090909090909,11.29090909090909
TN,Clarksville,4715160,132929,36.56968315899999,-87.34323716,620,212,104.6981372070313,108.4989508056641,111.8923034667969,3.8008135986328,7.194166259765609,8.845454545454547,28.00909090909091,54.5909090909091,54.5909090909091,19.163636363636364,45.74545454545455,45.74545454545455
TX,McKinney,4845744,131117,33.1988886952,-96.66770298,470,158,109.19642333984379,111.91919250488283,114.82930603027346,2.7227691650390398,5.632882690429668,43.91818181818182,65.86363636363636,95.53636363636363,95.53636363636363,21.945454545454538,51.61818181818181,51.61818181818181
TX,McAllen,4845384,129877,26.2186289942,-98.24517045,445,46,107.1740270996094,108.71409606933598,111.55023315429692,1.5400689697265761,4.376206054687515,77.91818181818182,107.73636363636362,138.26363636363635,138.26363636363635,29.8181818181818,60.34545454545453,60.34545454545453
CT,New Haven,952000,129779,41.31138693919999,-72.92475958,850,288,98.60614685058599,102.55128784179692,104.5820611572266,3.945140991210934,5.975914306640618,0.7727272727272727,2.6,8.654545454545453,8.654545454545453,1.8272727272727274,7.88181818181818,7.88181818181818
MI,Sterling Heights,2676460,129699,42.580985283,-83.03036809,689,308,99.55059753417973,102.84694091796878,105.53733337402348,3.2963433837890506,5.986735839843746,0.909090909090909,3.9,11.60909090909091,11.60909090909091,2.990909090909091,10.700000000000001,10.700000000000001
UT,West Valley City,4983470,129480,40.6887696962,-112.0116674,225,278,104.89863769531253,108.09426940917974,111.26392395019533,3.195631713867215,6.365286254882804,19.527272727272724,39.07272727272728,60.94545454545455,60.94545454545455,19.545454545454554,41.41818181818183,41.41818181818183
SC,Columbia,4516000,129272,34.0366069566,-80.90378527,723,172,104.60909851074226,108.69758361816409,112.94932556152348,4.088485107421832,8.340227050781223,15.827272727272732,37.39090909090909,65.32727272727271,65.32727272727271,21.56363636363636,49.499999999999986,49.499999999999986
TX,Killeen,4839148,127921,31.075764814299998,-97.72856513,453,124,107.77887939453129,110.11143066406255,114.11619445800784,2.3325512695312653,6.337315063476552,49.20909090909091,74.87272727272727,104.7090909090909,104.7090909090909,25.663636363636364,55.49999999999999,55.49999999999999
KS,Topeka,2071000,127473,39.035954991100006,-95.69541553,486,252,108.02742309570317,110.83154052734378,115.84776062011724,2.8041174316406057,7.820337524414072,13.6,29.827272727272724,55.3,55.3,16.227272727272727,41.699999999999996,41.699999999999996
CA,Thousand Oaks,678582,126683,34.1917745655,-118.8748884,115,174,102.33392883300785,103.70515441894536,107.1149536132813,1.371225585937509,4.781024780273455,1.6363636363636362,3.7181818181818187,11.60909090909091,11.60909090909091,2.0818181818181825,9.972727272727273,9.972727272727273
IA,Cedar Rapids,1912000,126326,41.966729258,-91.67816793,550,298,101.05027526855473,104.93949584960941,109.4881872558594,3.889220581054687,8.437911987304673,2.845454545454545,9.318181818181817,27.009090909090908,27.009090909090908,6.472727272727272,24.163636363636364,24.163636363636364
KS,Olathe,2052575,125872,38.88469302099999,-94.81920702,500,249,108.14943176269534,110.44818359375003,115.58212219238287,2.2987518310546875,7.432690429687526,11.272727272727272,24.227272727272727,49.472727272727276,49.472727272727276,12.954545454545455,38.2,38.2
NJ,Elizabeth,3421000,124969,40.6664447729,-74.19386791,830,278,102.46471008300784,104.92245605468754,109.53553833007815,2.4577459716796994,7.07082824707031,3.3909090909090915,8.427272727272726,19.881818181818183,19.881818181818183,5.036363636363634,16.490909090909092,16.490909090909092
TX,Waco,4876000,124805,31.5597607137,-97.18833333,462,132,108.5083001708985,111.59482666015629,114.34216125488283,3.0865264892577926,5.833861083984331,54.89090909090909,80.90909090909092,106.90909090909092,106.90909090909092,26.01818181818183,52.01818181818183,52.01818181818183
CT,Hartford,937000,124775,41.76607064190001,-72.68340124,854,295,100.4073883056641,104.44021118164066,107.91482421875006,4.032822875976564,7.507435913085956,1.781818181818182,4.663636363636364,13.463636363636365,13.463636363636365,2.881818181818182,11.681818181818183,11.681818181818183
CA,Visalia,682954,124442,36.3270623157,-119.3252732,108,208,111.23606262207036,114.02310729980472,116.75713745117193,2.7870446777343574,5.521074829101565,55.04545454545454,72.6090909090909,97.5909090909091,97.5909090909091,17.563636363636355,42.545454545454554,42.545454545454554
FL,Gainesville,1225175,124354,29.681702743099997,-82.34527827,699,102,100.85196105957036,102.98734619140627,106.28656250000003,2.1353851318359176,5.434601440429674,8.045454545454545,30.245454545454542,77.34545454545454,77.34545454545454,22.199999999999996,69.3,69.3
CA,Simi Valley,672016,124237,34.2662462857,-118.7489805,117,175,109.75590209960941,111.78276977539068,114.75614807128912,2.0268676757812614,5.000245971679703,25.027272727272727,38.82727272727273,62.9,62.9,13.8,37.872727272727275,37.872727272727275
CT,Stamford,973000,122643,41.104914501299994,-73.558936310000007,840,285,99.2678588867188,103.02978088378909,105.46521911621096,3.7619219970702886,6.197360229492162,1.3181818181818181,4.172727272727273,10.054545454545455,10.054545454545455,2.8545454545454545,8.736363636363636,8.736363636363636
WA,Bellevue,5305210,122363,47.5962437606,-122.15357,63,389,96.75382446289068,99.9336138916016,101.3710815429688,3.1797894287109187,4.617257080078119,0.16363636363636364,0.6,1.6727272727272726,1.6727272727272726,0.43636363636363634,1.509090909090909,1.509090909090909
CA,Concord,616000,122067,37.9721810307,-122.001588,65,235,108.71130554199223,111.75572143554689,114.05510498046878,3.044415893554657,5.343799438476552,16.427272727272726,25.845454545454544,40.5,40.5,9.418181818181818,24.072727272727274,24.072727272727274
FL,Miramar,1245975,122041,25.9773288233,-80.3357316,732,43,96.52352355957035,97.82561218261723,100.81822753906253,1.3020886230468847,4.2947039794921835,0.40909090909090906,3.536363636363636,29.563636363636363,29.563636363636363,3.127272727272727,29.154545454545453,29.154545454545453
FL,Coral Springs,1214400,121096,26.2701700158,-80.25922215,733,47,96.38358520507816,98.02204772949221,101.39210388183598,1.6384625244140523,5.0085186767578165,0.6545454545454545,6.536363636363637,41.44545454545454,41.44545454545454,5.881818181818183,40.79090909090908,40.79090909090908
LA,Lafayette,2240735,120623,30.2120582815,-92.03175323,544,110,101.54852172851567,104.57621643066412,107.47202575683598,3.0276947021484517,5.923504028320309,7.863636363636364,26.82727272727273,62.81818181818181,62.81818181818181,18.96363636363637,54.954545454545446,54.954545454545446
SC,Charleston,4513330,120083,32.81369618919999,-79.9673819,738,152,100.31988769531256,103.04597473144536,105.6789361572266,2.726087036132796,5.359048461914043,3.9272727272727272,10.036363636363635,25.01818181818182,25.01818181818182,6.109090909090908,21.090909090909093,21.090909090909093
TX,Carrollton,4813024,119097,32.988438458999994,-96.90013743,467,155,108.70646606445317,111.34555786132816,114.61731933593754,2.639091796874993,5.9108532714843705,44.07272727272727,67.9,96.54545454545455,96.54545454545455,23.827272727272735,52.472727272727276,52.472727272727276
CA,Roseville,662938,118788,38.76575161820001,-121.3028477,76,247,111.78594482421879,115.4695123291016,117.84260314941412,3.6835675048828165,6.056658325195329,52.82727272727273,70.61818181818181,90.99090909090908,90.99090909090908,17.790909090909082,38.16363636363636,38.16363636363636
CO,Thornton,877290,118772,39.9193994188,-104.9449568,338,266,101.76270019531253,104.8604986572266,109.00110290527348,3.097798461914067,7.238402709960951,7.036363636363636,17.054545454545455,42.199999999999996,42.199999999999996,10.01818181818182,35.16363636363636,35.16363636363636
TX,Beaumont,4807000,118296,30.084416646999998,-94.14410722,511,108,104.1386529541016,107.62638366699225,111.7590612792969,3.4877307128906523,7.620408325195299,19.12727272727273,44.08181818181818,78.2909090909091,78.2909090909091,24.95454545454545,59.16363636363637,59.16363636363637
PA,Allentown,4202000,118032,40.596099618000004,-75.4755374,809,277,101.83352905273442,105.05004577636723,109.12414428710943,3.2165167236328074,7.290615234375011,2.518181818181818,9.627272727272727,22.718181818181815,22.718181818181815,7.109090909090909,20.199999999999996,20.199999999999996
AZ,Surprise,471510,117517,33.680383517699994,-112.4522184,218,166,117.30920593261722,119.71472839355474,122.20821289062503,2.4055224609375188,4.899006958007817,132.38181818181818,150.2363636363636,166.9727272727273,166.9727272727273,17.854545454545416,34.59090909090912,34.59090909090912
IN,Evansville,1822000,117429,37.9867158026,-87.53827073,616,235,102.66762756347661,107.10528564453129,111.08259460449221,4.437658081054678,8.4149670410156,7.118181818181819,25.045454545454547,55.090909090909086,55.090909090909086,17.92727272727273,47.97272727272727,47.97272727272727
TX,Abilene,4801000,117063,32.45465108979999,-99.73830437,421,146,108.42622680664067,112.2860699462891,114.81724304199224,3.859843139648433,6.391016235351572,48.763636363636365,70.9090909090909,98.26363636363637,98.26363636363637,22.14545454545454,49.5,49.5
TX,Frisco,4827684,116989,33.15075451519999,-96.82013363,468,157,108.30538269042972,110.68903686523443,113.92809204101566,2.383654174804704,5.622709350585936,39.07272727272726,61.990909090909085,92.42727272727274,92.42727272727274,22.91818181818182,53.35454545454547,53.35454545454547
MO,Independence,2935000,116830,39.08707947709999,-94.35027482,507,252,108.17641418457035,110.44657958984378,116.33430664062503,2.2701654052734312,8.157892456054682,13,27.727272727272727,55.509090909090915,55.509090909090915,14.727272727272727,42.509090909090915,42.509090909090915
CA,Santa Clara,669084,116468,37.364619750399996,-121.9679321,66,225,105.53153808593754,106.49713195800784,108.61508178710942,0.9655938720703006,3.0835437011718767,3.4909090909090907,5.754545454545454,8.536363636363635,8.536363636363635,2.2636363636363632,5.045454545454545,5.045454545454545
IL,Springfield,1772000,116250,39.7716473322,-89.654078,583,263,104.52382812500002,107.11794738769535,112.42176757812504,2.5941192626953296,7.897939453125019,4.845454545454546,17.21818181818182,41.699999999999996,41.699999999999996,12.372727272727273,36.85454545454545,36.85454545454545
CA,Vallejo,681666,115942,38.11353292470001,-122.2355185,61,237,107.55120422363287,109.1625689697266,112.11330993652348,1.6113647460937415,4.562105712890613,8.209090909090909,13.763636363636365,22.59090909090909,22.59090909090909,5.5545454545454565,14.381818181818181,14.381818181818181
CA,Victorville,682590,115903,34.5277691103,-117.3538551,139,179,111.07535461425785,114.37427978515628,117.68015380859379,3.2989251708984284,6.604799194335939,64.20909090909092,83.94545454545455,103.67272727272726,103.67272727272726,19.736363636363635,39.46363636363634,39.46363636363634
GA,Athens,1303440,115452,33.95081706829999,-83.36894174,683,170,103.34244079589848,106.93804077148441,110.7444683837891,3.5955999755859267,7.402027587890615,11.945454545454545,26.99090909090909,50.86363636363636,50.86363636363636,15.045454545454543,38.918181818181814,38.918181818181814
IL,Peoria,1759000,115007,40.751568414599994,-89.61525546,583,279,101.540726928711,104.85615356445317,108.58673706054692,3.3154266357421704,7.046010131835928,3.236363636363636,11,32.87272727272728,32.87272727272728,7.763636363636364,29.636363636363647,29.636363636363647
MI,Lansing,2646000,114297,42.7090711751,-84.558447,664,310,97.85639038085942,101.22066772460941,105.80288391113284,3.3642773437499898,7.946493530273415,0.6090909090909091,4.172727272727274,13.545454545454547,13.545454545454547,3.5636363636363644,12.936363636363637,12.936363636363637
MI,Ann Arbor,2603000,113934,42.2756833567,-83.73113744,677,303,100.26940551757815,104.77604675292973,106.90839965820317,4.50664123535158,6.638994140625016,1.4636363636363636,6.163636363636364,16.736363636363635,16.736363636363635,4.7,15.272727272727272,15.272727272727272
CA,El Monte,622230,113475,34.073919653,-118.029072,129,172,111.37281494140629,112.22099792480472,114.95576965332036,0.8481829833984307,3.58295471191407,35.036363636363646,57.82727272727273,85.41818181818182,85.41818181818182,22.790909090909082,50.381818181818176,50.381818181818176
TX,Denton,4819972,113383,33.215616044300006,-97.14124387,463,158,110.87140441894535,112.58388732910161,115.87351257324221,1.7124829101562682,5.002108154296863,45.727272727272734,68.17272727272727,96.25454545454546,96.25454545454546,22.445454545454538,50.52727272727273,50.52727272727273
CA,Berkeley,606000,112580,37.8725678765,-122.274908,61,233,99.64840332031254,100.32508422851568,101.72570922851567,0.6766809082031386,2.0773059082031295,0.36363636363636365,0.5818181818181818,1.2636363636363637,1.2636363636363637,0.21818181818181814,0.9,0.9
UT,Provo,4962470,112488,40.24571852880001,-111.6457159,231,271,90.98328857421882,94.26448730468755,97.82043212890629,3.2811987304687307,6.837143554687472,0,0.06363636363636363,1.1636363636363636,1.1636363636363636,0.06363636363636363,1.1636363636363636,1.1636363636363636
CA,Downey,619766,111772,33.93786725599999,-118.1311501,127,170,110.92588562011721,111.68527160644535,114.22647521972661,0.7593859863281409,3.3005895996093955,14.4,26.56363636363637,44.55454545454545,44.55454545454545,12.16363636363637,30.15454545454545,30.15454545454545
TX,Midland,4848072,111147,32.0285948356,-102.109701,383,139,108.22609985351566,112.18639648437507,115.59655822753912,3.9602966308594034,7.370458374023457,55.14545454545454,80.4090909090909,109.7090909090909,109.7090909090909,25.263636363636365,54.56363636363636,54.56363636363636
OK,Norman,4052500,110925,35.233503264700005,-97.34704138,459,191,108.81255554199224,111.10032104492191,115.36066528320319,2.2877655029296733,6.548109741210951,36.07272727272727,55.281818181818174,81.9,81.9,19.209090909090904,45.827272727272735,45.827272727272735
CT,Waterbury,980000,110366,41.5582443266,-73.03612983,848,292,97.40848876953129,100.92454223632816,103.96651367187505,3.516053466796876,6.55802490234376,0.46363636363636357,1.8272727272727274,6.581818181818181,6.581818181818181,1.3636363636363638,6.118181818181817,6.118181818181817
CA,Costa Mesa,616532,109960,33.666765135300004,-117.9135048,130,166,106.29763671875006,106.60711608886724,109.57707214355473,0.30947937011718807,3.2794354248046744,3.518181818181818,6.4727272727272736,13.00909090909091,13.00909090909091,2.9545454545454555,9.490909090909092,9.490909090909092
CA,Inglewood,636546,109673,33.956574801799995,-118.3444449,123,170,100.90283874511722,101.86565307617192,104.9532397460938,0.9628143310547017,4.050401000976578,0.4545454545454545,0.918181818181818,1.5727272727272728,1.5727272727272728,0.4636363636363635,1.1181818181818182,1.1181818181818182
NH,Manchester,3345140,109565,42.98445417129999,-71.44453133,874,315,98.02334411621098,101.22465026855471,105.49153686523444,3.201306152343733,7.4681927490234585,0.709090909090909,1.7909090909090906,7.909090909090909,7.909090909090909,1.0818181818181816,7.2,7.2
TN,Murfreesboro,4751560,108755,35.850778195,-86.40862824,634,201,105.81921508789067,110.13640808105473,113.71372680664066,4.317192993164056,7.894511718749996,7.4818181818181815,25.03636363636364,55.1,55.1,17.55454545454546,47.61818181818182,47.61818181818182
MO,Columbia,2915670,108500,38.94811096510001,-92.32601298,540,250,107.35619689941412,110.28584960937505,114.96423461914067,2.9296527099609335,7.608037719726553,8.227272727272727,22.363636363636363,49.254545454545465,49.254545454545465,14.136363636363637,41.02727272727274,41.02727272727274
IL,Elgin,1723074,108188,42.038540247200004,-88.32249471,604,300,99.84601440429691,103.1201159667969,105.76192687988285,3.274101562499993,5.915912475585941,1.6545454545454543,5.5636363636363635,14.981818181818179,14.981818181818179,3.909090909090909,13.327272727272724,13.327272727272724
FL,Clearwater,1212875,107685,27.980599791899994,-82.75440991,693,75,97.39356384277349,98.79225524902348,101.91681640625004,1.3986914062499949,4.523252563476547,1.1272727272727274,10.527272727272727,51.199999999999996,51.199999999999996,9.4,50.07272727272727,50.07272727272727
FL,Miami Gardens,1245060,107167,25.943263387099996,-80.24253322,733,42,95.92064331054692,97.69440246582036,100.34572204589847,1.7737591552734386,4.425078735351548,0.22727272727272724,3.0363636363636366,24.254545454545454,24.254545454545454,2.8090909090909095,24.027272727272727,24.027272727272727
MN,Rochester,2754880,106769,44.0150574384,-92.47750055,537,331,99.72579101562505,102.77068481445315,107.26053344726566,3.044893798828099,7.534742431640609,1.1636363636363638,4.072727272727272,17.118181818181817,17.118181818181817,2.9090909090909083,15.954545454545453,15.954545454545453
CO,Pueblo,862000,106595,38.27339572510001,-104.6120012,343,239,105.37967956542973,108.4505780029297,112.75754821777346,3.0708984374999773,7.377868652343736,24.7,42.554545454545455,69.42727272727272,69.42727272727272,17.854545454545455,44.72727272727272,44.72727272727272
MA,Lowell,2537000,106519,42.63887273310001,-71.3217144,876,309,100.39876403808597,103.88300659179693,107.37963073730472,3.4842425537109563,6.980866699218751,1.990909090909091,4.809090909090909,13.881818181818181,13.881818181818181,2.8181818181818175,11.89090909090909,11.89090909090909
NC,Wilmington,3774440,106476,34.210275856900004,-77.88728424,771,174,100.94697082519536,103.83393615722659,108.35690856933597,2.886965332031224,7.409937744140606,5.254545454545454,14.48181818181818,30.463636363636358,30.463636363636358,9.227272727272727,25.209090909090904,25.209090909090904
CA,San Buenaventura (Ventura),665042,106433,34.2743610206,-119.2314366,109,175,101.15484863281254,103.30380737304691,106.57194885253912,2.148958740234363,5.417100219726578,0.609090909090909,1.9818181818181817,4.8090909090909095,4.8090909090909095,1.3727272727272726,4.2,4.2
CO,Arvada,803455,106433,39.830826329299995,-105.146328,335,264,101.50694946289066,103.81199096679693,108.57101013183596,2.305041503906267,7.064060668945302,4.327272727272727,13.327272727272728,36.236363636363635,36.236363636363635,9,31.909090909090907,31.909090909090907
CO,Westminster,883835,106114,39.883851147499996,-105.0626453,336,265,102.14045410156255,105.04557434082035,109.2116998291016,2.9051202392577977,7.071245727539051,6.6454545454545455,17.954545454545453,42.127272727272725,42.127272727272725,11.309090909090909,35.48181818181818,35.48181818181818
CA,West Covina,684200,106098,34.05544151739999,-117.9112821,130,172,110.90028747558597,112.23371459960943,114.97965393066411,1.3334271240234585,4.079366455078144,35.972727272727276,58.68181818181819,84.37272727272725,84.37272727272725,22.70909090909091,48.39999999999997,48.39999999999997
OR,Gresham,4131250,105594,45.5024256798,-122.441469,58,355,105.06266906738286,108.38300659179693,109.84394104003908,3.3203375244140716,4.781271972656228,3.836363636363637,7.563636363636364,12.854545454545454,12.854545454545454,3.7272727272727275,9.018181818181816,9.018181818181816
CA,Norwalk,652526,105549,33.9068808228,-118.0829152,128,170,109.60979492187505,109.95153015136722,113.24421508789067,0.3417352294921727,3.634420166015616,11.809090909090909,23.18181818181818,41.009090909090915,41.009090909090915,11.372727272727271,29.200000000000006,29.200000000000006
ND,Fargo,3825700,105549,46.865245783199995,-96.82898823,468,377,103.5029565429688,105.8694390869141,109.55184204101568,2.3664825439452954,6.048885498046872,2.8909090909090907,5.9,16.20909090909091,16.20909090909091,3.0090909090909097,13.31818181818182,13.31818181818182
CA,Carlsbad,611194,105328,33.1248051026,-117.2829033,140,157,101.1971899414063,101.63748352050786,103.73473510742193,0.44029357910156364,2.537545166015633,0.6909090909090908,1.4727272727272727,3.181818181818182,3.181818181818182,0.7818181818181819,2.490909090909091,2.490909090909091
CA,Fairfield,623182,105321,38.2558446343,-122.0393033,64,239,110.96925964355474,114.42378417968753,116.44554870605471,3.4545245361327943,5.476289062499973,26.490909090909092,39.28181818181819,54.77272727272727,54.77272727272727,12.790909090909096,28.28181818181818,28.28181818181818
MA,Cambridge,2511000,105162,42.3758188051,-71.11839924,879,305,99.79633972167974,101.91570129394535,105.1053015136719,2.1193615722656034,5.308961791992161,1.4909090909090907,3.0636363636363635,9.036363636363635,9.036363636363635,1.5727272727272728,7.545454545454545,7.545454545454545
TX,Wichita Falls,4879000,104553,33.907273983799996,-98.52929817,441,170,111.1941662597657,113.07494873046878,117.8974194335938,1.8807824707030818,6.703253173828102,59.69090909090909,79.26363636363635,103.94545454545455,103.94545454545455,19.572727272727263,44.254545454545465,44.254545454545465
NC,High Point,3731400,104371,35.9881243803,-79.99329564,737,203,100.62215454101566,107.07874267578129,109.2176049804688,6.456588134765624,8.595450439453145,3.6909090909090905,16.57272727272727,41.163636363636364,41.163636363636364,12.88181818181818,37.472727272727276,37.472727272727276
MT,Billings,3006550,104170,45.78931026090001,-108.5488278,280,360,105.39608215332035,107.14891235351566,109.92962890625003,1.752830200195305,4.533546752929681,11.427272727272726,19.427272727272726,37.74545454545454,37.74545454545454,8,26.318181818181817,26.318181818181817
WI,Green Bay,5531000,104057,44.514984781599985,-87.9896196,609,339,99.59089538574224,102.08615417480475,105.31865051269536,2.495258789062504,5.727755126953113,0.9090909090909092,3.3909090909090907,9.39090909090909,9.39090909090909,2.4818181818181815,8.48181818181818,8.48181818181818
UT,West Jordan,4982950,103712,40.6022598635,-112.0009618,225,277,104.47390625000006,107.61801757812505,110.54915893554691,3.1441113281249926,6.075252685546857,17.145454545454545,36.04545454545455,58.63636363636365,58.63636363636365,18.900000000000002,41.4909090909091,41.4909090909091
CA,Richmond,660620,103701,37.9479710365,-122.3368038,60,234,100.5473815917969,101.3860668945313,103.81492431640629,0.8386853027343903,3.2675427246093847,0.7818181818181817,1.390909090909091,2.5,2.5,0.6090909090909093,1.7181818181818183,1.7181818181818183
CA,Murrieta,650076,103466,33.5719743356,-117.1909211,142,164,115.45593872070314,117.38457214355473,120.62022155761724,1.9286334228515898,5.164282836914097,77.10000000000001,95.95454545454547,116.23636363636362,116.23636363636362,18.85454545454546,39.13636363636361,39.13636363636361
CA,Burbank,608954,103340,34.1879799605,-118.323429,124,174,105.40648620605472,107.0720025634766,109.67728942871096,1.665516357421879,4.270803222656241,6.954545454545453,15.545454545454543,30.954545454545457,30.954545454545457,8.59090909090909,24.000000000000004,24.000000000000004
FL,Palm Bay,1254000,103190,27.9838255249,-80.66667228,726,75,98.47595336914068,101.35109741210943,104.55884704589849,2.875144042968742,6.082893676757806,3.418181818181818,13.172727272727272,51.03636363636363,51.03636363636363,9.754545454545454,47.61818181818181,47.61818181818181
WA,Everett,5322640,103019,47.9497966189,-122.1607039,62,394,91.23402954101569,93.51627441406254,96.90341430664066,2.2822448730468494,5.669384765624969,0,0.03636363636363636,0.19090909090909092,0.19090909090909092,0.03636363636363636,0.19090909090909092,0.19090909090909092
MI,Flint,2629000,102434,43.02363393860001,-83.69206403,678,315,97.9473626708985,102.52018005371099,105.49070190429693,4.572817382812488,7.543339233398427,0.7454545454545455,3.881818181818182,11.954545454545453,11.954545454545453,3.1363636363636362,11.209090909090907,11.209090909090907
CA,Antioch,602252,102372,37.977704292199995,-121.796607,68,235,109.5727105712891,112.36656127929692,114.8377270507813,2.793850708007824,5.265016479492203,22.09090909090909,34.77272727272727,48.67272727272727,48.67272727272727,12.681818181818183,26.581818181818182,26.581818181818182
PA,Erie,4224000,101786,42.11646987539999,-80.07303585,736,301,94.7564605712891,99.69378234863285,102.45441040039069,4.9373217773437545,7.697949829101589,0.06363636363636364,1.672727272727273,6.545454545454545,6.545454545454545,1.6090909090909093,6.4818181818181815,6.4818181818181815
IN,South Bend,1871000,101168,41.6769914549,-86.26903724,637,294,99.94850585937503,103.38435363769536,107.20642578125003,3.4358477783203227,7.257919921875001,1.190909090909091,6.881818181818181,19.98181818181818,19.98181818181818,5.69090909090909,18.79090909090909,18.79090909090909
CA,Daly City,617918,101123,37.686155227600004,-122.468298,58,230,95.8910131835938,95.92948181152346,98.60389465332035,0.038468627929660215,2.712881469726554,0.06363636363636364,0.1,0.40909090909090917,0.40909090909090917,0.03636363636363636,0.3454545454545455,0.3454545454545455
CO,Centennial,812815,100377,39.592872073,-104.8679869,339,260,104.5356549072266,106.87627014160162,110.38542968750002,2.340615234375022,5.849774780273421,7.581818181818183,18.59090909090909,43.263636363636365,43.263636363636365,11.009090909090908,35.68181818181818,35.68181818181818
CA,Temecula,678120,100097,33.502998088400005,-117.1223903,143,163,114.23989501953129,116.4541784667969,119.35621704101565,2.2142834472656148,5.116322021484365,72.5909090909091,92.83636363636364,114.4090909090909,114.4090909090909,20.24545454545455,41.81818181818181,41.81818181818181
